04/03/2021 16:24:13,Port,Name port,Port value
,A0,sensor,0.00
,A1,light sensor,0.00
,A2,RTD,-100.00
,A3,MQ6,4512.11
,Magellan response,,
,The requested operation was succesfully.,,
04/03/2021 16:25:14,Port,Name port,Port value
,A0,sensor,0.00
,A1,light sensor,0.00
,A2,RTD,-100.00
,A3,MQ6,4674.12
,Magellan response,,
,The requested operation was succesfully.,,
04/03/2021 16:47:34,Port,Name port,Port value
,A0,sensor,0.00
,A1,light sensor,0.00
,A2,RTD,-100.00
,A3,MQ6,4680.12
,Magellan response,,
,The requested operation was succesfully.,,
04/03/2021 16:48:35,Port,Name port,Port value
,A0,sensor,0.00
,A1,light sensor,0.00
,A2,RTD,-100.00
,A3,MQ6,4782.12
,Magellan response,,
,The requested operation was succesfully.,,
04/03/2021 16:49:35,Port,Name port,Port value
,A0,sensor,0.00
,A1,light sensor,0.00
,A2,RTD,-100.00
,A3,MQ6,4776.12
,Magellan response,,
,The requested operation was succesfully.,,
04/03/2021 16:50:36,Port,Name port,Port value
,A0,sensor,0.00
,A1,light sensor,0.00
,A2,RTD,-100.00
,A3,MQ6,4782.12
,Magellan response,,
,The requested operation was succesfully.,,
04/03/2021 16:51:37,Port,Name port,Port value
,A0,sensor,0.00
,A1,light sensor,0.00
,A2,RTD,-100.00
,A3,MQ6,4770.12
,Magellan response,,
,The requested operation was succesfully.,,
04/03/2021 16:52:37,Port,Name port,Port value
,A0,sensor,0.00
,A1,light sensor,0.00
,A2,RTD,-100.00
,A3,MQ6,4770.12
,Magellan response,,
,The requested operation was succesfully.,,
04/03/2021 16:53:37,Port,Name port,Port value
,A0,sensor,0.00
,A1,light sensor,0.00
,A2,RTD,-100.00
,A3,MQ6,4770.12
,Magellan response,,
,The requested operation was succesfully.,,
04/03/2021 16:54:37,Port,Name port,Port value
,A0,sensor,0.00
,A1,light sensor,0.00
,A2,RTD,-100.00
,A3,MQ6,4782.12
,Magellan response,,
,The requested operation was succesfully.,,
04/03/2021 16:55:37,Port,Name port,Port value
,A0,sensor,0.00
,A1,light sensor,0.00
,A2,RTD,-100.00
,A3,MQ6,4782.12
,Magellan response,,
,The requested operation was succesfully.,,
04/03/2021 16:56:37,Port,Name port,Port value
,A0,sensor,0.00
,A1,light sensor,0.00
,A2,RTD,-100.00
,A3,MQ6,4776.12
,Magellan response,,
,The requested operation was succesfully.,,
04/03/2021 16:57:37,Port,Name port,Port value
,A0,sensor,0.00
,A1,light sensor,0.00
,A2,RTD,-100.00
,A3,MQ6,4782.12
,Magellan response,,
,The requested operation was succesfully.,,
04/03/2021 16:58:38,Port,Name port,Port value
,A0,sensor,0.00
,A1,light sensor,0.00
,A2,RTD,-100.00
,A3,MQ6,4776.12
,Magellan response,,
,The requested operation was succesfully.,,
04/03/2021 16:59:38,Port,Name port,Port value
,A0,sensor,0.00
,A1,light sensor,0.00
,A2,RTD,-100.00
,A3,MQ6,4776.12
,Magellan response,,
,The requested operation was succesfully.,,
04/03/2021 17:00:39,Port,Name port,Port value
,A0,sensor,0.00
,A1,light sensor,0.00
,A2,RTD,-100.00
,A3,MQ6,4764.12
,Magellan response,,
,The requested operation was succesfully.,,
04/03/2021 17:01:39,Port,Name port,Port value
,A0,sensor,0.00
,A1,light sensor,0.00
,A2,RTD,-100.00
,A3,MQ6,4764.12
,Magellan response,,
,The requested operation was succesfully.,,
04/03/2021 17:02:39,Port,Name port,Port value
,A0,sensor,0.00
,A1,light sensor,0.00
,A2,RTD,-100.00
,A3,MQ6,4764.12
,Magellan response,,
,The requested operation was succesfully.,,
04/03/2021 17:03:39,Port,Name port,Port value
,A0,sensor,0.00
,A1,light sensor,0.00
,A2,RTD,-100.00
,A3,MQ6,4776.12
,Magellan response,,
,The requested operation was succesfully.,,
04/03/2021 17:04:39,Port,Name port,Port value
,A0,sensor,0.00
,A1,light sensor,0.00
,A2,RTD,-100.00
,A3,MQ6,4770.12
,Magellan response,,
,The requested operation was succesfully.,,
04/03/2021 17:05:39,Port,Name port,Port value
,A0,sensor,0.00
,A1,light sensor,0.00
,A2,RTD,-100.00
,A3,MQ6,4764.12
,Magellan response,,
,The requested operation was succesfully.,,
04/03/2021 17:06:40,Port,Name port,Port value
,A0,sensor,0.00
,A1,light sensor,0.00
,A2,RTD,-100.00
,A3,MQ6,4758.12
,Magellan response,,
,The requested operation was succesfully.,,
04/03/2021 17:07:40,Port,Name port,Port value
,A0,sensor,0.00
,A1,light sensor,0.00
,A2,RTD,-100.00
,A3,MQ6,4764.12
,Magellan response,,
,The requested operation was succesfully.,,
04/03/2021 17:08:40,Port,Name port,Port value
,A0,sensor,0.00
,A1,light sensor,0.00
,A2,RTD,-100.00
,A3,MQ6,4758.12
,Magellan response,,
,The requested operation was succesfully.,,
04/03/2021 17:09:40,Port,Name port,Port value
,A0,sensor,0.00
,A1,light sensor,0.00
,A2,RTD,-100.00
,A3,MQ6,4764.12
,Magellan response,,
,The requested operation was succesfully.,,
04/03/2021 17:10:40,Port,Name port,Port value
,A0,sensor,0.00
,A1,light sensor,0.00
,A2,RTD,-100.00
,A3,MQ6,4770.12
,Magellan response,,
,The requested operation was succesfully.,,
08/03/2021 13:29:40,Port,Name port,Port value
,A0,sensor,0.00
,A1,light sensor,0.00
,A2,RTD,-100.00
,A3,MQ6,4728.12
,Magellan response,,
,The requested operation was succesfully.,,
08/03/2021 13:30:40,Port,Name port,Port value
,A0,sensor,0.00
,A1,light sensor,0.00
,A2,RTD,-100.00
,A3,MQ6,4824.12
,Magellan response,,
,The requested operation was succesfully.,,
08/03/2021 13:31:41,Port,Name port,Port value
,A0,sensor,0.00
,A1,light sensor,0.00
,A2,RTD,-100.00
,A3,MQ6,4686.12
,Magellan response,,
,The requested operation was succesfully.,,
08/03/2021 13:32:41,Port,Name port,Port value
,A0,sensor,0.00
,A1,light sensor,0.00
,A2,RTD,-100.00
,A3,MQ6,4710.12
,Magellan response,,
,The requested operation was succesfully.,,
08/03/2021 13:33:41,Port,Name port,Port value
,A0,sensor,0.00
,A1,light sensor,0.00
,A2,RTD,-100.00
,A3,MQ6,4716.12
,Magellan response,,
,The requested operation was succesfully.,,
08/03/2021 13:34:41,Port,Name port,Port value
,A0,sensor,0.00
,A1,light sensor,0.00
,A2,RTD,-100.00
,A3,MQ6,4734.12
,Magellan response,,
,The requested operation was succesfully.,,
08/03/2021 13:35:41,Port,Name port,Port value
,A0,sensor,0.00
,A1,light sensor,0.00
,A2,RTD,-100.00
,A3,MQ6,4740.12
,Magellan response,,
,The requested operation was succesfully.,,
08/03/2021 13:36:41,Port,Name port,Port value
,A0,sensor,0.00
,A1,light sensor,0.00
,A2,RTD,-100.00
,A3,MQ6,4716.12
,Magellan response,,
,The requested operation was succesfully.,,
08/03/2021 13:37:42,Port,Name port,Port value
,A0,sensor,0.00
,A1,light sensor,0.00
,A2,RTD,-100.00
,A3,MQ6,4716.12
,Magellan response,,
,The requested operation was succesfully.,,
08/03/2021 13:38:42,Port,Name port,Port value
,A0,sensor,0.00
,A1,light sensor,0.00
,A2,RTD,-100.00
,A3,MQ6,4716.12
,Magellan response,,
,The requested operation was succesfully.,,
08/03/2021 13:39:42,Port,Name port,Port value
,A0,sensor,0.00
,A1,light sensor,0.00
,A2,RTD,-100.00
,A3,MQ6,4662.12
,Magellan response,,
,The requested operation was succesfully.,,
08/03/2021 13:40:42,Port,Name port,Port value
,A0,sensor,0.00
,A1,light sensor,0.00
,A2,RTD,-100.00
,A3,MQ6,4728.12
,Magellan response,,
,The requested operation was succesfully.,,
08/03/2021 13:41:42,Port,Name port,Port value
,A0,sensor,0.00
,A1,light sensor,0.00
,A2,RTD,-100.00
,A3,MQ6,4722.12
,Magellan response,,
,The requested operation was succesfully.,,
08/03/2021 13:42:42,Port,Name port,Port value
,A0,sensor,0.00
,A1,light sensor,0.00
,A2,RTD,-100.00
,A3,MQ6,4728.12
,Magellan response,,
,The requested operation was succesfully.,,
08/03/2021 13:43:42,Port,Name port,Port value
,A0,sensor,0.00
,A1,light sensor,0.00
,A2,RTD,-100.00
,A3,MQ6,4728.12
,Magellan response,,
,The requested operation was succesfully.,,
08/03/2021 13:44:43,Port,Name port,Port value
,A0,sensor,0.00
,A1,light sensor,0.00
,A2,RTD,-100.00
,A3,MQ6,4662.12
,Magellan response,,
,The requested operation was succesfully.,,
08/03/2021 13:45:43,Port,Name port,Port value
,A0,sensor,0.00
,A1,light sensor,0.00
,A2,RTD,-100.00
,A3,MQ6,4656.12
,Magellan response,,
,The requested operation was succesfully.,,
08/03/2021 13:46:43,Port,Name port,Port value
,A0,sensor,0.00
,A1,light sensor,0.00
,A2,RTD,-100.00
,A3,MQ6,4710.12
,Magellan response,,
,The requested operation was succesfully.,,
08/03/2021 13:47:43,Port,Name port,Port value
,A0,sensor,0.00
,A1,light sensor,0.00
,A2,RTD,-100.00
,A3,MQ6,4728.12
,Magellan response,,
,The requested operation was succesfully.,,
08/03/2021 13:48:43,Port,Name port,Port value
,A0,sensor,0.00
,A1,light sensor,0.00
,A2,RTD,-100.00
,A3,MQ6,4728.12
,Magellan response,,
,The requested operation was succesfully.,,
08/03/2021 13:49:43,Port,Name port,Port value
,A0,sensor,0.00
,A1,light sensor,0.00
,A2,RTD,-100.00
,A3,MQ6,4722.12
,Magellan response,,
,The requested operation was succesfully.,,
08/03/2021 13:50:44,Port,Name port,Port value
,A0,sensor,0.00
,A1,light sensor,0.00
,A2,RTD,-100.00
,A3,MQ6,4680.12
,Magellan response,,
,The requested operation was succesfully.,,
08/03/2021 13:51:44,Port,Name port,Port value
,A0,sensor,0.00
,A1,light sensor,0.00
,A2,RTD,-100.00
,A3,MQ6,4704.12
,Magellan response,,
,The requested operation was succesfully.,,
08/03/2021 13:52:44,Port,Name port,Port value
,A0,sensor,0.00
,A1,light sensor,0.00
,A2,RTD,-100.00
,A3,MQ6,4710.12
,Magellan response,,
,The requested operation was succesfully.,,
08/03/2021 13:53:45,Port,Name port,Port value
,A0,sensor,0.00
,A1,light sensor,0.00
,A2,RTD,-100.00
,A3,MQ6,4680.12
,Magellan response,,
,The requested operation was succesfully.,,
08/03/2021 13:54:45,Port,Name port,Port value
,A0,sensor,0.00
,A1,light sensor,0.00
,A2,RTD,-100.00
,A3,MQ6,4734.12
,Magellan response,,
,The requested operation was succesfully.,,
08/03/2021 13:55:45,Port,Name port,Port value
,A0,sensor,0.00
,A1,light sensor,0.00
,A2,RTD,-100.00
,A3,MQ6,4740.12
,Magellan response,,
,The requested operation was succesfully.,,
08/03/2021 13:56:45,Port,Name port,Port value
,A0,sensor,0.00
,A1,light sensor,0.00
,A2,RTD,-100.00
,A3,MQ6,4734.12
,Magellan response,,
,The requested operation was succesfully.,,
08/03/2021 13:57:46,Port,Name port,Port value
,A0,sensor,0.00
,A1,light sensor,0.00
,A2,RTD,-100.00
,A3,MQ6,4656.12
,Magellan response,,
,The requested operation was succesfully.,,
08/03/2021 13:58:46,Port,Name port,Port value
,A0,sensor,0.00
,A1,light sensor,0.00
,A2,RTD,-100.00
,A3,MQ6,4644.12
,Magellan response,,
,The requested operation was succesfully.,,
08/03/2021 13:59:46,Port,Name port,Port value
,A0,sensor,0.00
,A1,light sensor,0.00
,A2,RTD,-100.00
,A3,MQ6,4728.12
,Magellan response,,
,The requested operation was succesfully.,,
08/03/2021 14:00:47,Port,Name port,Port value
,A0,sensor,0.00
,A1,light sensor,0.00
,A2,RTD,-100.00
,A3,MQ6,4716.12
,Magellan response,,
,The requested operation was succesfully.,,
08/03/2021 14:01:48,Port,Name port,Port value
,A0,sensor,0.00
,A1,light sensor,0.00
,A2,RTD,-100.00
,A3,MQ6,4698.12
,Magellan response,,
,The requested operation was succesfully.,,
08/03/2021 14:02:49,Port,Name port,Port value
,A0,sensor,0.00
,A1,light sensor,0.00
,A2,RTD,-100.00
,A3,MQ6,4686.12
,Magellan response,,
,The requested operation was succesfully.,,
08/03/2021 14:03:50,Port,Name port,Port value
,A0,sensor,0.00
,A1,light sensor,0.00
,A2,RTD,-100.00
,A3,MQ6,4674.12
,Magellan response,,
,The requested operation was succesfully.,,
08/03/2021 14:04:50,Port,Name port,Port value
,A0,sensor,0.00
,A1,light sensor,0.00
,A2,RTD,-100.00
,A3,MQ6,4158.10
,Magellan response,,
,The requested operation was succesfully.,,
08/03/2021 14:05:51,Port,Name port,Port value
,A0,sensor,0.00
,A1,light sensor,0.00
,A2,RTD,-100.00
,A3,MQ6,4710.12
,Magellan response,,
,The requested operation was succesfully.,,
08/03/2021 14:06:51,Port,Name port,Port value
,A0,sensor,0.00
,A1,light sensor,0.00
,A2,RTD,-100.00
,A3,MQ6,4710.12
,Magellan response,,
,The requested operation was succesfully.,,
08/03/2021 14:07:52,Port,Name port,Port value
,A0,sensor,0.00
,A1,light sensor,0.00
,A2,RTD,-100.00
,A3,MQ6,4734.12
,Magellan response,,
,The requested operation was succesfully.,,
08/03/2021 14:08:53,Port,Name port,Port value
,A0,sensor,0.00
,A1,light sensor,0.00
,A2,RTD,-100.00
,A3,MQ6,4656.12
,Magellan response,,
,The requested operation was succesfully.,,
08/03/2021 14:09:54,Port,Name port,Port value
,A0,sensor,0.00
,A1,light sensor,0.00
,A2,RTD,-100.00
,A3,MQ6,4704.12
,Magellan response,,
,The requested operation was succesfully.,,
08/03/2021 14:10:54,Port,Name port,Port value
,A0,sensor,0.00
,A1,light sensor,0.00
,A2,RTD,-100.00
,A3,MQ6,4164.10
,Magellan response,,
,The requested operation was succesfully.,,
08/03/2021 14:11:55,Port,Name port,Port value
,A0,sensor,0.00
,A1,light sensor,0.00
,A2,RTD,-100.00
,A3,MQ6,4686.12
,Magellan response,,
,The requested operation was succesfully.,,
08/03/2021 14:12:56,Port,Name port,Port value
,A0,sensor,0.00
,A1,light sensor,0.00
,A2,RTD,-100.00
,A3,MQ6,4728.12
,Magellan response,,
,The requested operation was succesfully.,,
08/03/2021 14:13:56,Port,Name port,Port value
,A0,sensor,0.00
,A1,light sensor,0.00
,A2,RTD,-100.00
,A3,MQ6,4746.12
,Magellan response,,
,The requested operation was succesfully.,,
08/03/2021 14:14:57,Port,Name port,Port value
,A0,sensor,0.00
,A1,light sensor,0.00
,A2,RTD,-100.00
,A3,MQ6,4728.12
,Magellan response,,
,The requested operation was succesfully.,,
08/03/2021 14:15:58,Port,Name port,Port value
,A0,sensor,0.00
,A1,light sensor,0.00
,A2,RTD,-100.00
,A3,MQ6,4710.12
,Magellan response,,
,The requested operation was succesfully.,,
08/03/2021 14:17:38,Port,Name port,Port value
,A0,sensor,0.00
,A1,light sensor,0.00
,A2,RTD,-100.00
,A3,MQ6,4482.11
,Magellan response,,
,The requested operation was succesfully.,,
08/03/2021 14:18:38,Port,Name port,Port value
,A0,sensor,0.00
,A1,light sensor,0.00
,A2,RTD,-100.00
,A3,MQ6,4704.12
,Magellan response,,
,The requested operation was succesfully.,,
08/03/2021 14:19:38,Port,Name port,Port value
,A0,sensor,0.00
,A1,light sensor,0.00
,A2,RTD,-100.00
,A3,MQ6,4674.12
,Magellan response,,
,The requested operation was succesfully.,,
08/03/2021 14:20:38,Port,Name port,Port value
,A0,sensor,0.00
,A1,light sensor,0.00
,A2,RTD,-100.00
,A3,MQ6,4740.12
,Magellan response,,
,The requested operation was succesfully.,,
08/03/2021 14:21:38,Port,Name port,Port value
,A0,sensor,0.00
,A1,light sensor,0.00
,A2,RTD,-100.00
,A3,MQ6,4740.12
,Magellan response,,
,The requested operation was succesfully.,,
08/03/2021 14:22:39,Port,Name port,Port value
,A0,sensor,0.00
,A1,light sensor,0.00
,A2,RTD,-100.00
,A3,MQ6,4722.12
,Magellan response,,
,The requested operation was succesfully.,,
08/03/2021 14:23:39,Port,Name port,Port value
,A0,sensor,0.00
,A1,light sensor,0.00
,A2,RTD,-100.00
,A3,MQ6,4716.12
,Magellan response,,
,The requested operation was succesfully.,,
08/03/2021 14:24:39,Port,Name port,Port value
,A0,sensor,0.00
,A1,light sensor,0.00
,A2,RTD,-100.00
,A3,MQ6,4716.12
,Magellan response,,
,The requested operation was succesfully.,,
08/03/2021 14:25:39,Port,Name port,Port value
,A0,sensor,0.00
,A1,light sensor,0.00
,A2,RTD,-100.00
,A3,MQ6,4722.12
,Magellan response,,
,The requested operation was succesfully.,,
08/03/2021 14:26:39,Port,Name port,Port value
,A0,sensor,0.00
,A1,light sensor,0.00
,A2,RTD,-100.00
,A3,MQ6,4632.12
,Magellan response,,
,The requested operation was succesfully.,,
08/03/2021 14:27:39,Port,Name port,Port value
,A0,sensor,0.00
,A1,light sensor,0.00
,A2,RTD,-100.00
,A3,MQ6,4608.12
,Magellan response,,
,The requested operation was succesfully.,,
08/03/2021 14:28:40,Port,Name port,Port value
,A0,sensor,0.00
,A1,light sensor,0.00
,A2,RTD,-100.00
,A3,MQ6,4686.12
,Magellan response,,
,The requested operation was succesfully.,,
08/03/2021 14:29:40,Port,Name port,Port value
,A0,sensor,0.00
,A1,light sensor,0.00
,A2,RTD,-100.00
,A3,MQ6,4680.12
,Magellan response,,
,The requested operation was succesfully.,,
08/03/2021 14:30:40,Port,Name port,Port value
,A0,sensor,0.00
,A1,light sensor,0.00
,A2,RTD,-100.00
,A3,MQ6,4692.12
,Magellan response,,
,The requested operation was succesfully.,,
08/03/2021 14:31:40,Port,Name port,Port value
,A0,sensor,0.00
,A1,light sensor,0.00
,A2,RTD,-100.00
,A3,MQ6,4692.12
,Magellan response,,
,The requested operation was succesfully.,,
08/03/2021 14:32:40,Port,Name port,Port value
,A0,sensor,0.00
,A1,light sensor,0.00
,A2,RTD,-100.00
,A3,MQ6,4728.12
,Magellan response,,
,The requested operation was succesfully.,,
08/03/2021 14:33:40,Port,Name port,Port value
,A0,sensor,0.00
,A1,light sensor,0.00
,A2,RTD,-100.00
,A3,MQ6,4704.12
,Magellan response,,
,The requested operation was succesfully.,,
08/03/2021 14:34:41,Port,Name port,Port value
,A0,sensor,0.00
,A1,light sensor,0.00
,A2,RTD,-100.00
,A3,MQ6,4644.12
,Magellan response,,
,The requested operation was succesfully.,,
08/03/2021 14:35:41,Port,Name port,Port value
,A0,sensor,0.00
,A1,light sensor,0.00
,A2,RTD,-100.00
,A3,MQ6,4704.12
,Magellan response,,
,The requested operation was succesfully.,,
08/03/2021 14:36:41,Port,Name port,Port value
,A0,sensor,0.00
,A1,light sensor,0.00
,A2,RTD,-100.00
,A3,MQ6,4674.12
,Magellan response,,
,The requested operation was succesfully.,,
08/03/2021 14:37:41,Port,Name port,Port value
,A0,sensor,0.00
,A1,light sensor,0.00
,A2,RTD,-100.00
,A3,MQ6,4608.12
,Magellan response,,
,The requested operation was succesfully.,,
08/03/2021 14:38:41,Port,Name port,Port value
,A0,sensor,0.00
,A1,light sensor,0.00
,A2,RTD,-100.00
,A3,MQ6,4680.12
,Magellan response,,
,The requested operation was succesfully.,,
08/03/2021 14:39:41,Port,Name port,Port value
,A0,sensor,0.00
,A1,light sensor,0.00
,A2,RTD,-100.00
,A3,MQ6,4722.12
,Magellan response,,
,The requested operation was succesfully.,,
08/03/2021 14:40:41,Port,Name port,Port value
,A0,sensor,0.00
,A1,light sensor,0.00
,A2,RTD,-100.00
,A3,MQ6,4596.11
,Magellan response,,
,The requested operation was succesfully.,,
08/03/2021 14:41:42,Port,Name port,Port value
,A0,sensor,0.00
,A1,light sensor,0.00
,A2,RTD,-100.00
,A3,MQ6,4608.12
,Magellan response,,
,The requested operation was succesfully.,,
08/03/2021 14:42:42,Port,Name port,Port value
,A0,sensor,0.00
,A1,light sensor,0.00
,A2,RTD,-100.00
,A3,MQ6,4518.11
,Magellan response,,
,The requested operation was succesfully.,,
10/03/2021 10:19:17,Port,Name port,Port value
,A0,sensor,0.00
,A1,light sensor,0.00
,A2,RTD,-100.00
,A3,MQ6,4302.11
,Magellan response,,
,The requested operation was succesfully.,,
10/03/2021 10:20:18,Port,Name port,Port value
,A0,sensor,0.00
,A1,light sensor,0.00
,A2,RTD,-100.00
,A3,MQ6,4368.11
,Magellan response,,
,The requested operation was succesfully.,,
10/03/2021 10:21:18,Port,Name port,Port value
,A0,sensor,0.00
,A1,light sensor,0.00
,A2,RTD,-100.00
,A3,MQ6,4374.11
,Magellan response,,
,The requested operation was succesfully.,,
10/03/2021 10:22:18,Port,Name port,Port value
,A0,sensor,0.00
,A1,light sensor,0.00
,A2,RTD,-100.00
,A3,MQ6,4404.11
,Magellan response,,
,The requested operation was succesfully.,,
10/03/2021 10:23:19,Port,Name port,Port value
,A0,sensor,0.00
,A1,light sensor,0.00
,A2,RTD,-100.00
,A3,MQ6,4350.11
,Magellan response,,
,The requested operation was succesfully.,,
10/03/2021 10:24:19,Port,Name port,Port value
,A0,sensor,0.00
,A1,light sensor,0.00
,A2,RTD,-100.00
,A3,MQ6,4350.11
,Magellan response,,
,The requested operation was succesfully.,,
10/03/2021 10:25:19,Port,Name port,Port value
,A0,sensor,0.00
,A1,light sensor,0.00
,A2,RTD,-100.00
,A3,MQ6,4392.11
,Magellan response,,
,The requested operation was succesfully.,,
10/03/2021 10:26:19,Port,Name port,Port value
,A0,sensor,0.00
,A1,light sensor,0.00
,A2,RTD,-100.00
,A3,MQ6,4350.11
,Magellan response,,
,The requested operation was succesfully.,,
10/03/2021 10:27:19,Port,Name port,Port value
,A0,sensor,0.00
,A1,light sensor,0.00
,A2,RTD,-100.00
,A3,MQ6,4392.11
,Magellan response,,
,The requested operation was succesfully.,,
10/03/2021 10:28:20,Port,Name port,Port value
,A0,sensor,0.00
,A1,light sensor,0.00
,A2,RTD,-100.00
,A3,MQ6,4356.11
,Magellan response,,
,The requested operation was succesfully.,,
10/03/2021 10:29:20,Port,Name port,Port value
,A0,sensor,0.00
,A1,light sensor,0.00
,A2,RTD,-100.00
,A3,MQ6,4362.11
,Magellan response,,
,The requested operation was succesfully.,,
10/03/2021 10:30:20,Port,Name port,Port value
,A0,sensor,0.00
,A1,light sensor,0.00
,A2,RTD,-100.00
,A3,MQ6,4362.11
,Magellan response,,
,The requested operation was succesfully.,,
10/03/2021 10:31:20,Port,Name port,Port value
,A0,sensor,0.00
,A1,light sensor,0.00
,A2,RTD,-100.00
,A3,MQ6,4386.11
,Magellan response,,
,The requested operation was succesfully.,,
10/03/2021 10:32:20,Port,Name port,Port value
,A0,sensor,0.00
,A1,light sensor,0.00
,A2,RTD,-100.00
,A3,MQ6,4380.11
,Magellan response,,
,The requested operation was succesfully.,,
10/03/2021 10:33:20,Port,Name port,Port value
,A0,sensor,0.00
,A1,light sensor,0.00
,A2,RTD,-100.00
,A3,MQ6,4362.11
,Magellan response,,
,The requested operation was succesfully.,,
10/03/2021 10:34:21,Port,Name port,Port value
,A0,sensor,0.00
,A1,light sensor,0.00
,A2,RTD,-100.00
,A3,MQ6,4356.11
,Magellan response,,
,The requested operation was succesfully.,,
10/03/2021 10:35:21,Port,Name port,Port value
,A0,sensor,0.00
,A1,light sensor,0.00
,A2,RTD,-100.00
,A3,MQ6,4356.11
,Magellan response,,
,The requested operation was succesfully.,,
10/03/2021 10:36:21,Port,Name port,Port value
,A0,sensor,0.00
,A1,light sensor,0.00
,A2,RTD,-100.00
,A3,MQ6,4356.11
,Magellan response,,
,The requested operation was succesfully.,,
10/03/2021 10:37:21,Port,Name port,Port value
,A0,sensor,0.00
,A1,light sensor,0.00
,A2,RTD,-100.00
,A3,MQ6,4380.11
,Magellan response,,
,The requested operation was succesfully.,,
10/03/2021 10:38:21,Port,Name port,Port value
,A0,sensor,0.00
,A1,light sensor,0.00
,A2,RTD,-100.00
,A3,MQ6,4380.11
,Magellan response,,
,The requested operation was succesfully.,,
10/03/2021 10:39:21,Port,Name port,Port value
,A0,sensor,0.00
,A1,light sensor,0.00
,A2,RTD,-100.00
,A3,MQ6,4380.11
,Magellan response,,
,The requested operation was succesfully.,,
10/03/2021 10:41:03,Port,Name port,Port value
,A0,sensor,0.00
,A1,light sensor,0.00
,A2,RTD,-100.00
,A3,MQ6,4254.11
,Magellan response,,
,The requested operation was succesfully.,,
10/03/2021 11:30:11,Port,Name port,Port value
,A0,sensor,0.00
,A1,light sensor,0.00
,A2,RTD,-100.00
,A3,MQ6,4248.11
,Magellan response,,
,The requested operation was succesfully.,,
10/03/2021 11:31:11,Port,Name port,Port value
,A0,sensor,0.00
,A1,light sensor,0.00
,A2,RTD,-100.00
,A3,MQ6,4350.11
,Magellan response,,
,The requested operation was succesfully.,,
10/03/2021 11:32:11,Port,Name port,Port value
,A0,sensor,0.00
,A1,light sensor,0.00
,A2,RTD,-100.00
,A3,MQ6,4344.11
,Magellan response,,
,The requested operation was succesfully.,,
10/03/2021 11:33:50,Port,Name port,Port value
,A0,sensor,0.00
,A1,light sensor,0.00
,A2,RTD,-100.00
,A3,MQ6,4254.11
,Magellan response,,
,The requested operation was succesfully.,,
10/03/2021 11:34:50,Port,Name port,Port value
,A0,sensor,0.00
,A1,light sensor,0.00
,A2,RTD,-100.00
,A3,MQ6,4344.11
,Magellan response,,
,The requested operation was succesfully.,,
10/03/2021 11:35:50,Port,Name port,Port value
,A0,sensor,0.00
,A1,light sensor,0.00
,A2,RTD,-100.00
,A3,MQ6,4344.11
,Magellan response,,
,The requested operation was succesfully.,,
10/03/2021 11:36:51,Port,Name port,Port value
,A0,sensor,0.00
,A1,light sensor,0.00
,A2,RTD,-100.00
,A3,MQ6,4296.11
,Magellan response,,
,The requested operation was succesfully.,,
01/01/2000 00:59:51,Port,Name port,Port value
,A0,sensor,0.00
,A1,light sensor,0.00
,A2,RTD,-100.00
,A3,MQ6,4782.12
,Magellan response,,
,The requested operation was succesfully.,,
01/01/2000 03:16:49,Port,Name port,Port value
,A0,sensor,0.00
,A1,light sensor,0.00
,A2,RTD,-100.00
,A3,MQ6,4680.12
,Magellan response,,
,The requested operation was succesfully.,,
01/01/2000 03:17:50,Port,Name port,Port value
,A0,sensor,0.00
,A1,light sensor,0.00
,A2,RTD,-100.00
,A3,MQ6,4848.12
,Magellan response,,
,The requested operation was succesfully.,,
01/01/2000 03:18:50,Port,Name port,Port value
,A0,sensor,0.00
,A1,light sensor,0.00
,A2,RTD,-100.00
,A3,MQ6,4860.12
,Magellan response,,
,The requested operation was succesfully.,,
01/01/2000 03:19:51,Port,Name port,Port value
,A0,sensor,0.00
,A1,light sensor,0.00
,A2,RTD,-100.00
,A3,MQ6,4482.11
,Magellan response,,
,The requested operation was succesfully.,,
01/01/2000 03:22:16,Port,Name port,Port value
,A0,sensor,0.00
,A1,light sensor,0.00
,A2,RTD,-100.00
,A3,MQ6,4614.12
,Magellan response,,
,The requested operation was succesfully.,,
01/01/2000 03:23:17,Port,Name port,Port value
,A0,sensor,0.00
,A1,light sensor,0.00
,A2,RTD,-100.00
,A3,MQ6,4728.12
,Magellan response,,
,The requested operation was succesfully.,,
01/01/2000 03:24:17,Port,Name port,Port value
,A0,sensor,0.00
,A1,light sensor,0.00
,A2,RTD,-100.00
,A3,MQ6,4728.12
,Magellan response,,
,The requested operation was succesfully.,,
01/01/2000 03:25:17,Port,Name port,Port value
,A0,sensor,0.00
,A1,light sensor,0.00
,A2,RTD,-100.00
,A3,MQ6,4734.12
,Magellan response,,
,The requested operation was succesfully.,,
01/01/2000 03:26:18,Port,Name port,Port value
,A0,sensor,0.00
,A1,light sensor,0.00
,A2,RTD,-100.00
,A3,MQ6,4710.12
,Magellan response,,
,The requested operation was succesfully.,,
01/01/2000 03:28:06,Port,Name port,Port value
,A0,sensor,0.00
,A1,light sensor,0.00
,A2,RTD,-100.00
,A3,MQ6,4032.10
,Magellan response,,
,The requested operation was succesfully.,,
16/03/2021 01:40:06,Port,Name port,Port value
,A0,sensor,0.00
,A1,light sensor,0.00
,A2,RTD,-100.00
,A3,MQ6,3678.09
,Magellan response,,
,The requested operation was succesfully.,,
16/03/2021 01:41:11,Port,Name port,Port value
,A0,sensor,0.00
,A1,light sensor,0.00
,A2,RTD,-100.00
,A3,MQ6,3786.09
,Magellan response,,
,The requested operation was succesfully.,,
16/03/2021 01:42:15,Port,Name port,Port value
,A0,sensor,0.00
,A1,light sensor,0.00
,A2,RTD,-100.00
,A3,MQ6,3786.09
,Magellan response,,
,The requested operation was succesfully.,,
16/03/2021 01:43:20,Port,Name port,Port value
,A0,sensor,0.00
,A1,light sensor,0.00
,A2,RTD,-100.00
,A3,MQ6,3774.09
,Magellan response,,
,The requested operation was succesfully.,,
16/03/2021 01:44:25,Port,Name port,Port value
,A0,sensor,0.00
,A1,light sensor,0.00
,A2,RTD,-100.00
,A3,MQ6,3774.09
,Magellan response,,
,The requested operation was succesfully.,,
16/03/2021 01:45:29,Port,Name port,Port value
,A0,sensor,0.00
,A1,light sensor,0.00
,A2,RTD,-100.00
,A3,MQ6,3780.09
,Magellan response,,
,The requested operation was succesfully.,,
16/03/2021 01:47:33,Port,Name port,Port value
,A0,sensor,0.00
,A1,light sensor,0.00
,A2,RTD,-100.00
,A3,MQ6,3414.09
,Magellan response,,
,The requested operation was succesfully.,,
16/03/2021 01:48:41,Port,Name port,Port value
,A0,sensor,0.00
,A1,light sensor,0.00
,A2,RTD,-100.00
,A3,MQ6,3606.09
,Magellan response,,
,The requested operation was succesfully.,,
16/03/2021 01:49:50,Port,Name port,Port value
,A0,sensor,0.00
,A1,light sensor,0.00
,A2,RTD,-100.00
,A3,MQ6,3624.09
,Magellan response,,
,The requested operation was succesfully.,,
16/03/2021 01:50:57,Port,Name port,Port value
,A0,sensor,0.00
,A1,light sensor,0.00
,A2,RTD,-100.00
,A3,MQ6,3612.09
,Magellan response,,
,The requested operation was succesfully.,,
16/03/2021 01:52:04,Port,Name port,Port value
,A0,sensor,0.00
,A1,light sensor,0.00
,A2,RTD,-100.00
,A3,MQ6,3618.09
,Magellan response,,
,The requested operation was succesfully.,,
16/03/2021 01:53:11,Port,Name port,Port value
,A0,sensor,0.00
,A1,light sensor,0.00
,A2,RTD,-100.00
,A3,MQ6,3864.10
,Magellan response,,
,The requested operation was succesfully.,,
16/03/2021 01:54:21,Port,Name port,Port value
,A0,sensor,0.00
,A1,light sensor,0.00
,A2,RTD,-100.00
,A3,MQ6,3876.10
,Magellan response,,
,The requested operation was succesfully.,,
16/03/2021 01:55:28,Port,Name port,Port value
,A0,sensor,0.00
,A1,light sensor,0.00
,A2,RTD,-100.00
,A3,MQ6,3888.10
,Magellan response,,
,The requested operation was succesfully.,,
16/03/2021 01:56:35,Port,Name port,Port value
,A0,sensor,0.00
,A1,light sensor,0.00
,A2,RTD,-100.00
,A3,MQ6,3900.10
,Magellan response,,
,The requested operation was succesfully.,,
16/03/2021 01:57:45,Port,Name port,Port value
,A0,sensor,0.00
,A1,light sensor,0.00
,A2,RTD,-100.00
,A3,MQ6,3900.10
,Magellan response,,
,The requested operation was succesfully.,,
16/03/2021 01:58:53,Port,Name port,Port value
,A0,sensor,0.00
,A1,light sensor,0.00
,A2,RTD,-100.00
,A3,MQ6,3906.10
,Magellan response,,
,The requested operation was succesfully.,,
16/03/2021 02:00:00,Port,Name port,Port value
,A0,sensor,0.00
,A1,light sensor,0.00
,A2,RTD,-100.00
,A3,MQ6,3912.10
,Magellan response,,
,The requested operation was succesfully.,,
16/03/2021 02:01:07,Port,Name port,Port value
,A0,sensor,0.00
,A1,light sensor,0.00
,A2,RTD,-100.00
,A3,MQ6,3912.10
,Magellan response,,
,The requested operation was succesfully.,,
16/03/2021 02:02:17,Port,Name port,Port value
,A0,sensor,0.00
,A1,light sensor,0.00
,A2,RTD,-100.00
,A3,MQ6,3918.10
,Magellan response,,
,The requested operation was succesfully.,,
16/03/2021 02:03:24,Port,Name port,Port value
,A0,sensor,0.00
,A1,light sensor,0.00
,A2,RTD,-100.00
,A3,MQ6,3912.10
,Magellan response,,
,The requested operation was succesfully.,,
16/03/2021 02:04:32,Port,Name port,Port value
,A0,sensor,0.00
,A1,light sensor,0.00
,A2,RTD,-100.00
,A3,MQ6,3912.10
,Magellan response,,
,The requested operation was succesfully.,,
16/03/2021 02:05:39,Port,Name port,Port value
,A0,sensor,0.00
,A1,light sensor,0.00
,A2,RTD,-100.00
,A3,MQ6,3918.10
,Magellan response,,
,The requested operation was succesfully.,,
16/03/2021 02:06:46,Port,Name port,Port value
,A0,sensor,0.00
,A1,light sensor,0.00
,A2,RTD,-100.00
,A3,MQ6,3912.10
,Magellan response,,
,The requested operation was succesfully.,,
16/03/2021 02:07:53,Port,Name port,Port value
,A0,sensor,0.00
,A1,light sensor,0.00
,A2,RTD,-100.00
,A3,MQ6,3912.10
,Magellan response,,
,The requested operation was succesfully.,,
16/03/2021 02:10:27,Port,Name port,Port value
,A0,MQ6,4578.11
,Magellan response,,
,The requested operation was succesfully.,,
16/03/2021 02:11:34,Port,Name port,Port value
,A0,MQ6,4626.12
,Magellan response,,
,The requested operation was succesfully.,,
16/03/2021 02:12:41,Port,Name port,Port value
,A0,MQ6,4602.12
,Magellan response,,
,The requested operation was succesfully.,,
16/03/2021 02:13:48,Port,Name port,Port value
,A0,MQ6,4596.11
,Magellan response,,
,The requested operation was succesfully.,,
16/03/2021 02:26:22,Port,Name port,Port value
,A0,MQ6,3600.09
,Magellan response,,
,The requested operation was succesfully.,,
16/03/2021 02:35:43,Port,Name port,Port value
,A0,MQ6,4542.11
,Magellan response,,
,The requested operation was succesfully.,,
16/03/2021 02:36:48,Port,Name port,Port value
,A0,MQ6,4686.12
,Magellan response,,
,The requested operation was succesfully.,,
16/03/2021 02:37:53,Port,Name port,Port value
,A0,MQ6,4686.12
,Magellan response,,
,The requested operation was succesfully.,,
16/03/2021 02:39:31,Port,Name port,Port value
,A0,MQ6,4530.11
,Magellan response,,
,The requested operation was succesfully.,,
16/03/2021 02:40:36,Port,Name port,Port value
,A0,MQ6,4686.12
,Magellan response,,
,The requested operation was succesfully.,,
16/03/2021 02:41:41,Port,Name port,Port value
,A0,MQ6,4686.12
,Magellan response,,
,The requested operation was succesfully.,,
16/03/2021 02:42:48,Port,Name port,Port value
,A0,MQ6,4680.12
,Magellan response,,
,The requested operation was succesfully.,,
16/03/2021 02:43:53,Port,Name port,Port value
,A0,MQ6,4680.12
,Magellan response,,
,The requested operation was succesfully.,,
16/03/2021 02:44:58,Port,Name port,Port value
,A0,MQ6,4680.12
,Magellan response,,
,The requested operation was succesfully.,,
16/03/2021 02:46:04,Port,Name port,Port value
,A0,MQ6,4686.12
,Magellan response,,
,The requested operation was succesfully.,,
16/03/2021 02:47:09,Port,Name port,Port value
,A0,MQ6,4668.12
,Magellan response,,
,The requested operation was succesfully.,,
16/03/2021 02:48:14,Port,Name port,Port value
,A0,MQ6,4668.12
,Magellan response,,
,The requested operation was succesfully.,,
16/03/2021 02:50:28,Port,Name port,Port value
,A0,MQ6,4470.11
,Magellan response,,
,The requested operation was succesfully.,,
16/03/2021 02:51:33,Port,Name port,Port value
,A0,MQ6,4650.12
,Magellan response,,
,The requested operation was succesfully.,,
16/03/2021 02:52:39,Port,Name port,Port value
,A0,MQ6,4656.12
,Magellan response,,
,The requested operation was succesfully.,,
16/03/2021 02:53:45,Port,Name port,Port value
,A0,MQ6,4674.12
,Magellan response,,
,The requested operation was succesfully.,,
16/03/2021 02:54:50,Port,Name port,Port value
,A0,MQ6,4668.12
,Magellan response,,
,The requested operation was succesfully.,,
16/03/2021 02:55:55,Port,Name port,Port value
,A0,MQ6,4668.12
,Magellan response,,
,The requested operation was succesfully.,,
16/03/2021 02:57:00,Port,Name port,Port value
,A0,MQ6,4668.12
,Magellan response,,
,The requested operation was succesfully.,,
16/03/2021 02:58:06,Port,Name port,Port value
,A0,MQ6,4662.12
,Magellan response,,
,The requested operation was succesfully.,,
16/03/2021 02:59:11,Port,Name port,Port value
,A0,MQ6,4662.12
,Magellan response,,
,The requested operation was succesfully.,,
16/03/2021 03:00:16,Port,Name port,Port value
,A0,MQ6,4668.12
,Magellan response,,
,The requested operation was succesfully.,,
16/03/2021 03:01:22,Port,Name port,Port value
,A0,MQ6,4668.12
,Magellan response,,
,The requested operation was succesfully.,,
16/03/2021 03:02:27,Port,Name port,Port value
,A0,MQ6,4668.12
,Magellan response,,
,The requested operation was succesfully.,,
16/03/2021 03:57:42,Port,Name port,Port value
,A0,MQ6,3822.10
,Magellan response,,
,The requested operation was succesfully.,,
16/03/2021 03:58:47,Port,Name port,Port value
,A0,MQ6,3960.10
,Magellan response,,
,The requested operation was succesfully.,,
16/03/2021 03:59:53,Port,Name port,Port value
,A0,MQ6,3972.10
,Magellan response,,
,The requested operation was succesfully.,,
16/03/2021 04:00:58,Port,Name port,Port value
,A0,MQ6,3972.10
,Magellan response,,
,The requested operation was succesfully.,,
16/03/2021 04:02:03,Port,Name port,Port value
,A0,MQ6,3972.10
,Magellan response,,
,The requested operation was succesfully.,,
16/03/2021 04:03:08,Port,Name port,Port value
,A0,MQ6,3972.10
,Magellan response,,
,The requested operation was succesfully.,,
16/03/2021 04:04:14,Port,Name port,Port value
,A0,MQ6,3966.10
,Magellan response,,
,The requested operation was succesfully.,,
16/03/2021 04:05:19,Port,Name port,Port value
,A0,MQ6,3966.10
,Magellan response,,
,The requested operation was succesfully.,,
16/03/2021 04:06:25,Port,Name port,Port value
,A0,MQ6,3966.10
,Magellan response,,
,The requested operation was succesfully.,,
16/03/2021 04:07:30,Port,Name port,Port value
,A0,MQ6,3960.10
,Magellan response,,
,The requested operation was succesfully.,,
16/03/2021 04:08:35,Port,Name port,Port value
,A0,MQ6,3966.10
,Magellan response,,
,The requested operation was succesfully.,,
16/03/2021 04:09:41,Port,Name port,Port value
,A0,MQ6,3966.10
,Magellan response,,
,The requested operation was succesfully.,,
16/03/2021 04:10:46,Port,Name port,Port value
,A0,MQ6,3960.10
,Magellan response,,
,The requested operation was succesfully.,,
16/03/2021 04:11:51,Port,Name port,Port value
,A0,MQ6,3960.10
,Magellan response,,
,The requested operation was succesfully.,,
16/03/2021 04:12:57,Port,Name port,Port value
,A0,MQ6,3960.10
,Magellan response,,
,The requested operation was succesfully.,,
16/03/2021 04:14:02,Port,Name port,Port value
,A0,MQ6,3960.10
,Magellan response,,
,The requested operation was succesfully.,,
16/03/2021 04:15:07,Port,Name port,Port value
,A0,MQ6,3960.10
,Magellan response,,
,The requested operation was succesfully.,,
16/03/2021 04:16:12,Port,Name port,Port value
,A0,MQ6,3960.10
,Magellan response,,
,The requested operation was succesfully.,,
16/03/2021 04:17:18,Port,Name port,Port value
,A0,MQ6,3960.10
,Magellan response,,
,The requested operation was succesfully.,,
16/03/2021 04:18:23,Port,Name port,Port value
,A0,MQ6,3966.10
,Magellan response,,
,The requested operation was succesfully.,,
16/03/2021 04:19:28,Port,Name port,Port value
,A0,MQ6,3960.10
,Magellan response,,
,The requested operation was succesfully.,,
16/03/2021 04:20:34,Port,Name port,Port value
,A0,MQ6,3966.10
,Magellan response,,
,The requested operation was succesfully.,,
16/03/2021 04:21:39,Port,Name port,Port value
,A0,MQ6,3954.10
,Magellan response,,
,The requested operation was succesfully.,,
16/03/2021 04:22:45,Port,Name port,Port value
,A0,MQ6,3954.10
,Magellan response,,
,The requested operation was succesfully.,,
16/03/2021 04:23:50,Port,Name port,Port value
,A0,MQ6,3954.10
,Magellan response,,
,The requested operation was succesfully.,,
16/03/2021 04:24:55,Port,Name port,Port value
,A0,MQ6,3954.10
,Magellan response,,
,The requested operation was succesfully.,,
16/03/2021 04:26:01,Port,Name port,Port value
,A0,MQ6,3948.10
,Magellan response,,
,The requested operation was succesfully.,,
16/03/2021 04:27:06,Port,Name port,Port value
,A0,MQ6,3948.10
,Magellan response,,
,The requested operation was succesfully.,,
16/03/2021 04:28:11,Port,Name port,Port value
,A0,MQ6,3936.10
,Magellan response,,
,The requested operation was succesfully.,,
16/03/2021 04:29:16,Port,Name port,Port value
,A0,MQ6,3948.10
,Magellan response,,
,The requested operation was succesfully.,,
16/03/2021 04:30:22,Port,Name port,Port value
,A0,MQ6,3948.10
,Magellan response,,
,The requested operation was succesfully.,,
16/03/2021 04:31:27,Port,Name port,Port value
,A0,MQ6,3942.10
,Magellan response,,
,The requested operation was succesfully.,,
16/03/2021 04:32:32,Port,Name port,Port value
,A0,MQ6,3936.10
,Magellan response,,
,The requested operation was succesfully.,,
16/03/2021 04:33:37,Port,Name port,Port value
,A0,MQ6,3936.10
,Magellan response,,
,The requested operation was succesfully.,,
16/03/2021 04:34:43,Port,Name port,Port value
,A0,MQ6,3942.10
,Magellan response,,
,The requested operation was succesfully.,,
16/03/2021 04:35:48,Port,Name port,Port value
,A0,MQ6,3930.10
,Magellan response,,
,The requested operation was succesfully.,,
16/03/2021 04:36:53,Port,Name port,Port value
,A0,MQ6,3942.10
,Magellan response,,
,The requested operation was succesfully.,,
16/03/2021 04:37:59,Port,Name port,Port value
,A0,MQ6,3936.10
,Magellan response,,
,The requested operation was succesfully.,,
16/03/2021 04:39:04,Port,Name port,Port value
,A0,MQ6,3930.10
,Magellan response,,
,The requested operation was succesfully.,,
16/03/2021 04:40:09,Port,Name port,Port value
,A0,MQ6,3882.10
,Magellan response,,
,The requested operation was succesfully.,,
16/03/2021 04:41:14,Port,Name port,Port value
,A0,MQ6,3900.10
,Magellan response,,
,The requested operation was succesfully.,,
16/03/2021 04:42:20,Port,Name port,Port value
,A0,MQ6,3900.10
,Magellan response,,
,The requested operation was succesfully.,,
16/03/2021 04:43:25,Port,Name port,Port value
,A0,MQ6,3900.10
,Magellan response,,
,The requested operation was succesfully.,,
16/03/2021 04:44:32,Port,Name port,Port value
,A0,MQ6,3906.10
,Magellan response,,
,The requested operation was succesfully.,,
16/03/2021 04:45:38,Port,Name port,Port value
,A0,MQ6,3912.10
,Magellan response,,
,The requested operation was succesfully.,,
16/03/2021 04:46:44,Port,Name port,Port value
,A0,MQ6,3906.10
,Magellan response,,
,The requested operation was succesfully.,,
16/03/2021 04:47:49,Port,Name port,Port value
,A0,MQ6,3912.10
,Magellan response,,
,The requested operation was succesfully.,,
16/03/2021 04:48:55,Port,Name port,Port value
,A0,MQ6,3918.10
,Magellan response,,
,The requested operation was succesfully.,,
16/03/2021 04:50:00,Port,Name port,Port value
,A0,MQ6,3816.10
,Magellan response,,
,The requested operation was succesfully.,,
16/03/2021 04:51:05,Port,Name port,Port value
,A0,MQ6,3846.10
,Magellan response,,
,The requested operation was succesfully.,,
16/03/2021 04:52:10,Port,Name port,Port value
,A0,MQ6,3840.10
,Magellan response,,
,The requested operation was succesfully.,,
16/03/2021 04:53:16,Port,Name port,Port value
,A0,MQ6,3834.10
,Magellan response,,
,The requested operation was succesfully.,,
16/03/2021 04:54:21,Port,Name port,Port value
,A0,MQ6,3846.10
,Magellan response,,
,The requested operation was succesfully.,,
16/03/2021 04:55:26,Port,Name port,Port value
,A0,MQ6,3840.10
,Magellan response,,
,The requested operation was succesfully.,,
16/03/2021 04:56:32,Port,Name port,Port value
,A0,MQ6,3852.10
,Magellan response,,
,The requested operation was succesfully.,,
16/03/2021 04:57:37,Port,Name port,Port value
,A0,MQ6,3852.10
,Magellan response,,
,The requested operation was succesfully.,,
16/03/2021 04:58:42,Port,Name port,Port value
,A0,MQ6,3840.10
,Magellan response,,
,The requested operation was succesfully.,,
16/03/2021 04:59:47,Port,Name port,Port value
,A0,MQ6,3714.09
,Magellan response,,
,The requested operation was succesfully.,,
16/03/2021 05:00:53,Port,Name port,Port value
,A0,MQ6,3678.09
,Magellan response,,
,The requested operation was succesfully.,,
16/03/2021 05:01:58,Port,Name port,Port value
,A0,MQ6,3666.09
,Magellan response,,
,The requested operation was succesfully.,,
16/03/2021 05:03:03,Port,Name port,Port value
,A0,MQ6,3756.09
,Magellan response,,
,The requested operation was succesfully.,,
16/03/2021 05:04:09,Port,Name port,Port value
,A0,MQ6,3762.09
,Magellan response,,
,The requested operation was succesfully.,,
16/03/2021 05:05:14,Port,Name port,Port value
,A0,MQ6,3774.09
,Magellan response,,
,The requested operation was succesfully.,,
16/03/2021 05:06:19,Port,Name port,Port value
,A0,MQ6,3822.10
,Magellan response,,
,The requested operation was succesfully.,,
16/03/2021 05:07:24,Port,Name port,Port value
,A0,MQ6,3828.10
,Magellan response,,
,The requested operation was succesfully.,,
16/03/2021 05:08:30,Port,Name port,Port value
,A0,MQ6,3816.10
,Magellan response,,
,The requested operation was succesfully.,,
16/03/2021 05:09:35,Port,Name port,Port value
,A0,MQ6,3798.09
,Magellan response,,
,The requested operation was succesfully.,,
16/03/2021 05:10:41,Port,Name port,Port value
,A0,MQ6,3798.09
,Magellan response,,
,The requested operation was succesfully.,,
16/03/2021 05:11:47,Port,Name port,Port value
,A0,MQ6,3816.10
,Magellan response,,
,The requested operation was succesfully.,,
16/03/2021 05:12:52,Port,Name port,Port value
,A0,MQ6,3816.10
,Magellan response,,
,The requested operation was succesfully.,,
16/03/2021 05:13:57,Port,Name port,Port value
,A0,MQ6,3828.10
,Magellan response,,
,The requested operation was succesfully.,,
16/03/2021 05:15:03,Port,Name port,Port value
,A0,MQ6,3828.10
,Magellan response,,
,The requested operation was succesfully.,,
16/03/2021 05:16:08,Port,Name port,Port value
,A0,MQ6,3828.10
,Magellan response,,
,The requested operation was succesfully.,,
16/03/2021 05:17:13,Port,Name port,Port value
,A0,MQ6,3804.10
,Magellan response,,
,The requested operation was succesfully.,,
16/03/2021 05:18:18,Port,Name port,Port value
,A0,MQ6,3804.10
,Magellan response,,
,The requested operation was succesfully.,,
16/03/2021 05:19:25,Port,Name port,Port value
,A0,MQ6,3810.10
,Magellan response,,
,The requested operation was succesfully.,,
16/03/2021 05:20:30,Port,Name port,Port value
,A0,MQ6,3810.10
,Magellan response,,
,The requested operation was succesfully.,,
16/03/2021 05:21:36,Port,Name port,Port value
,A0,MQ6,3804.10
,Magellan response,,
,The requested operation was succesfully.,,
16/03/2021 05:22:41,Port,Name port,Port value
,A0,MQ6,3798.09
,Magellan response,,
,The requested operation was succesfully.,,
16/03/2021 05:23:46,Port,Name port,Port value
,A0,MQ6,3816.10
,Magellan response,,
,The requested operation was succesfully.,,
16/03/2021 05:24:51,Port,Name port,Port value
,A0,MQ6,3780.09
,Magellan response,,
,The requested operation was succesfully.,,
16/03/2021 05:25:57,Port,Name port,Port value
,A0,MQ6,3792.09
,Magellan response,,
,The requested operation was succesfully.,,
16/03/2021 05:27:02,Port,Name port,Port value
,A0,MQ6,3798.09
,Magellan response,,
,The requested operation was succesfully.,,
16/03/2021 05:28:07,Port,Name port,Port value
,A0,MQ6,3780.09
,Magellan response,,
,The requested operation was succesfully.,,
16/03/2021 05:29:12,Port,Name port,Port value
,A0,MQ6,3792.09
,Magellan response,,
,The requested operation was succesfully.,,
16/03/2021 05:30:18,Port,Name port,Port value
,A0,MQ6,3786.09
,Magellan response,,
,The requested operation was succesfully.,,
16/03/2021 05:31:24,Port,Name port,Port value
,A0,MQ6,3786.09
,Magellan response,,
,The requested operation was succesfully.,,
16/03/2021 05:32:30,Port,Name port,Port value
,A0,MQ6,3798.09
,Magellan response,,
,The requested operation was succesfully.,,
16/03/2021 05:33:36,Port,Name port,Port value
,A0,MQ6,3798.09
,Magellan response,,
,The requested operation was succesfully.,,
16/03/2021 05:34:43,Port,Name port,Port value
,A0,MQ6,3804.10
,Magellan response,,
,The requested operation was succesfully.,,
16/03/2021 05:35:48,Port,Name port,Port value
,A0,MQ6,3804.10
,Magellan response,,
,The requested operation was succesfully.,,
16/03/2021 05:36:54,Port,Name port,Port value
,A0,MQ6,3804.10
,Magellan response,,
,The requested operation was succesfully.,,
16/03/2021 05:38:01,Port,Name port,Port value
,A0,MQ6,3804.10
,Magellan response,,
,The requested operation was succesfully.,,
16/03/2021 05:39:06,Port,Name port,Port value
,A0,MQ6,3804.10
,Magellan response,,
,The requested operation was succesfully.,,
16/03/2021 05:40:12,Port,Name port,Port value
,A0,MQ6,3804.10
,Magellan response,,
,The requested operation was succesfully.,,
16/03/2021 05:41:55,Port,Name port,Port value
,A0,MQ6,3702.09
,Magellan response,,
,The requested operation was succesfully.,,
16/03/2021 05:43:47,Port,Name port,Port value
,A0,MQ6,4608.12
,Magellan response,,
,The requested operation was succesfully.,,
16/03/2021 05:44:53,Port,Name port,Port value
,A0,MQ6,4788.12
,Magellan response,,
,The requested operation was succesfully.,,
16/03/2021 05:45:58,Port,Name port,Port value
,A0,MQ6,4740.12
,Magellan response,,
,The requested operation was succesfully.,,
16/03/2021 05:47:03,Port,Name port,Port value
,A0,MQ6,4800.12
,Magellan response,,
,The requested operation was succesfully.,,
16/03/2021 05:48:09,Port,Name port,Port value
,A0,MQ6,4806.12
,Magellan response,,
,The requested operation was succesfully.,,
16/03/2021 05:49:14,Port,Name port,Port value
,A0,MQ6,4806.12
,Magellan response,,
,The requested operation was succesfully.,,
16/03/2021 05:50:19,Port,Name port,Port value
,A0,MQ6,4806.12
,Magellan response,,
,The requested operation was succesfully.,,
16/03/2021 05:51:24,Port,Name port,Port value
,A0,MQ6,4812.12
,Magellan response,,
,The requested operation was succesfully.,,
16/03/2021 05:52:30,Port,Name port,Port value
,A0,MQ6,4812.12
,Magellan response,,
,The requested operation was succesfully.,,
16/03/2021 05:53:35,Port,Name port,Port value
,A0,MQ6,4812.12
,Magellan response,,
,The requested operation was succesfully.,,
16/03/2021 05:54:40,Port,Name port,Port value
,A0,MQ6,4812.12
,Magellan response,,
,The requested operation was succesfully.,,
16/03/2021 05:55:46,Port,Name port,Port value
,A0,MQ6,4812.12
,Magellan response,,
,The requested operation was succesfully.,,
16/03/2021 05:56:51,Port,Name port,Port value
,A0,MQ6,4812.12
,Magellan response,,
,The requested operation was succesfully.,,
16/03/2021 05:57:56,Port,Name port,Port value
,A0,MQ6,4812.12
,Magellan response,,
,The requested operation was succesfully.,,
16/03/2021 05:59:01,Port,Name port,Port value
,A0,MQ6,4812.12
,Magellan response,,
,The requested operation was succesfully.,,
16/03/2021 06:00:07,Port,Name port,Port value
,A0,MQ6,4818.12
,Magellan response,,
,The requested operation was succesfully.,,
16/03/2021 06:01:12,Port,Name port,Port value
,A0,MQ6,4812.12
,Magellan response,,
,The requested operation was succesfully.,,
16/03/2021 06:02:17,Port,Name port,Port value
,A0,MQ6,4812.12
,Magellan response,,
,The requested operation was succesfully.,,
16/03/2021 06:03:23,Port,Name port,Port value
,A0,MQ6,4824.12
,Magellan response,,
,The requested operation was succesfully.,,
16/03/2021 06:04:28,Port,Name port,Port value
,A0,MQ6,4824.12
,Magellan response,,
,The requested operation was succesfully.,,
16/03/2021 06:05:34,Port,Name port,Port value
,A0,MQ6,4836.12
,Magellan response,,
,The requested operation was succesfully.,,
16/03/2021 06:06:39,Port,Name port,Port value
,A0,MQ6,4836.12
,Magellan response,,
,The requested operation was succesfully.,,
16/03/2021 06:07:44,Port,Name port,Port value
,A0,MQ6,4836.12
,Magellan response,,
,The requested operation was succesfully.,,
16/03/2021 06:08:50,Port,Name port,Port value
,A0,MQ6,4848.12
,Magellan response,,
,The requested operation was succesfully.,,
16/03/2021 06:09:55,Port,Name port,Port value
,A0,MQ6,4830.12
,Magellan response,,
,The requested operation was succesfully.,,
16/03/2021 06:11:00,Port,Name port,Port value
,A0,MQ6,4830.12
,Magellan response,,
,The requested operation was succesfully.,,
16/03/2021 06:12:05,Port,Name port,Port value
,A0,MQ6,4830.12
,Magellan response,,
,The requested operation was succesfully.,,
16/03/2021 06:13:11,Port,Name port,Port value
,A0,MQ6,4830.12
,Magellan response,,
,The requested operation was succesfully.,,
16/03/2021 06:14:16,Port,Name port,Port value
,A0,MQ6,4830.12
,Magellan response,,
,The requested operation was succesfully.,,
16/03/2021 06:15:21,Port,Name port,Port value
,A0,MQ6,4830.12
,Magellan response,,
,The requested operation was succesfully.,,
16/03/2021 06:16:26,Port,Name port,Port value
,A0,MQ6,4830.12
,Magellan response,,
,The requested operation was succesfully.,,
16/03/2021 06:17:32,Port,Name port,Port value
,A0,MQ6,4830.12
,Magellan response,,
,The requested operation was succesfully.,,
16/03/2021 06:18:37,Port,Name port,Port value
,A0,MQ6,4830.12
,Magellan response,,
,The requested operation was succesfully.,,
16/03/2021 06:19:42,Port,Name port,Port value
,A0,MQ6,4830.12
,Magellan response,,
,The requested operation was succesfully.,,
16/03/2021 06:20:48,Port,Name port,Port value
,A0,MQ6,4830.12
,Magellan response,,
,The requested operation was succesfully.,,
16/03/2021 06:21:53,Port,Name port,Port value
,A0,MQ6,4830.12
,Magellan response,,
,The requested operation was succesfully.,,
16/03/2021 06:22:59,Port,Name port,Port value
,A0,MQ6,4818.12
,Magellan response,,
,The requested operation was succesfully.,,
16/03/2021 06:24:04,Port,Name port,Port value
,A0,MQ6,4806.12
,Magellan response,,
,The requested operation was succesfully.,,
16/03/2021 06:25:10,Port,Name port,Port value
,A0,MQ6,4776.12
,Magellan response,,
,The requested operation was succesfully.,,
16/03/2021 06:26:15,Port,Name port,Port value
,A0,MQ6,4776.12
,Magellan response,,
,The requested operation was succesfully.,,
16/03/2021 06:27:21,Port,Name port,Port value
,A0,MQ6,4734.12
,Magellan response,,
,The requested operation was succesfully.,,
16/03/2021 06:39:56,Port,Name port,Port value
,A0,MQ6,4056.10
,Magellan response,,
,The requested operation was succesfully.,,
16/03/2021 06:43:13,Port,Name port,Port value
,A0,MQ6,4608.12
,Magellan response,,
,The requested operation was succesfully.,,
16/03/2021 06:44:18,Port,Name port,Port value
,A0,MQ6,3852.10
,Magellan response,,
,The requested operation was succesfully.,,
16/03/2021 06:45:24,Port,Name port,Port value
,A0,MQ6,4284.11
,Magellan response,,
,The requested operation was succesfully.,,
16/03/2021 06:51:22,Port,Name port,Port value
,A0,MQ6,3714.09
,Magellan response,,
,The requested operation was succesfully.,,
16/03/2021 06:52:28,Port,Name port,Port value
,A0,MQ6,3810.10
,Magellan response,,
,The requested operation was succesfully.,,
16/03/2021 06:57:56,Port,Name port,Port value
,A0,MQ6,4002.10
,Magellan response,,
,The requested operation was succesfully.,,
16/03/2021 06:59:03,Port,Name port,Port value
,A0,MQ6,4092.10
,Magellan response,,
,The requested operation was succesfully.,,
16/03/2021 07:00:09,Port,Name port,Port value
,A0,MQ6,4092.10
,Magellan response,,
,The requested operation was succesfully.,,
16/03/2021 07:01:16,Port,Name port,Port value
,A0,MQ6,4092.10
,Magellan response,,
,The requested operation was succesfully.,,
16/03/2021 07:02:22,Port,Name port,Port value
,A0,MQ6,4140.10
,Magellan response,,
,The requested operation was succesfully.,,
16/03/2021 07:03:29,Port,Name port,Port value
,A0,MQ6,4410.11
,Magellan response,,
,The requested operation was succesfully.,,
16/03/2021 07:04:35,Port,Name port,Port value
,A0,MQ6,4428.11
,Magellan response,,
,The requested operation was succesfully.,,
16/03/2021 07:05:42,Port,Name port,Port value
,A0,MQ6,4104.10
,Magellan response,,
,The requested operation was succesfully.,,
16/03/2021 07:06:50,Port,Name port,Port value
,A0,MQ6,4680.12
,Magellan response,,
,The requested operation was succesfully.,,
16/03/2021 07:07:57,Port,Name port,Port value
,A0,MQ6,4680.12
,Magellan response,,
,The requested operation was succesfully.,,
16/03/2021 07:09:05,Port,Name port,Port value
,A0,MQ6,4668.12
,Magellan response,,
,The requested operation was succesfully.,,
16/03/2021 07:12:09,Port,Name port,Port value
,A0,MQ6,4122.10
,Magellan response,,
,The requested operation was succesfully.,,
16/03/2021 07:13:58,Port,Name port,Port value
,A0,MQ6,4170.10
,Magellan response,,
,The requested operation was succesfully.,,
16/03/2021 07:15:04,Port,Name port,Port value
,A0,MQ6,4182.10
,Magellan response,,
,The requested operation was succesfully.,,
16/03/2021 07:16:10,Port,Name port,Port value
,A0,MQ6,4170.10
,Magellan response,,
,The requested operation was succesfully.,,
16/03/2021 07:17:15,Port,Name port,Port value
,A0,MQ6,4182.10
,Magellan response,,
,The requested operation was succesfully.,,
16/03/2021 07:18:20,Port,Name port,Port value
,A0,MQ6,4074.10
,Magellan response,,
,The requested operation was succesfully.,,
16/03/2021 07:19:26,Port,Name port,Port value
,A0,MQ6,4092.10
,Magellan response,,
,The requested operation was succesfully.,,
16/03/2021 07:20:31,Port,Name port,Port value
,A0,MQ6,4080.10
,Magellan response,,
,The requested operation was succesfully.,,
16/03/2021 07:21:36,Port,Name port,Port value
,A0,MQ6,4098.10
,Magellan response,,
,The requested operation was succesfully.,,
16/03/2021 07:22:42,Port,Name port,Port value
,A0,MQ6,4098.10
,Magellan response,,
,The requested operation was succesfully.,,
16/03/2021 07:23:47,Port,Name port,Port value
,A0,MQ6,4098.10
,Magellan response,,
,The requested operation was succesfully.,,
16/03/2021 07:24:53,Port,Name port,Port value
,A0,MQ6,4098.10
,Magellan response,,
,The requested operation was succesfully.,,
16/03/2021 07:26:59,Port,Name port,Port value
,A0,MQ6,3936.10
,Magellan response,,
,The requested operation was succesfully.,,
16/03/2021 07:28:05,Port,Name port,Port value
,A0,MQ6,4050.10
,Magellan response,,
,The requested operation was succesfully.,,
16/03/2021 07:29:10,Port,Name port,Port value
,A0,MQ6,4044.10
,Magellan response,,
,The requested operation was succesfully.,,
16/03/2021 07:30:16,Port,Name port,Port value
,A0,MQ6,3954.10
,Magellan response,,
,The requested operation was succesfully.,,
16/03/2021 07:31:24,Port,Name port,Port value
,A0,MQ6,3936.10
,Magellan response,,
,The requested operation was succesfully.,,
16/03/2021 07:32:30,Port,Name port,Port value
,A0,MQ6,3936.10
,Magellan response,,
,The requested operation was succesfully.,,
16/03/2021 07:33:36,Port,Name port,Port value
,A0,MQ6,3942.10
,Magellan response,,
,The requested operation was succesfully.,,
16/03/2021 07:34:41,Port,Name port,Port value
,A0,MQ6,3936.10
,Magellan response,,
,The requested operation was succesfully.,,
16/03/2021 07:36:14,Port,Name port,Port value
,A0,MQ6,3936.10
,Magellan response,,
,The requested operation was succesfully.,,
16/03/2021 07:37:21,Port,Name port,Port value
,A0,MQ6,4020.10
,Magellan response,,
,The requested operation was succesfully.,,
16/03/2021 07:38:26,Port,Name port,Port value
,A0,MQ6,4020.10
,Magellan response,,
,The requested operation was succesfully.,,
16/03/2021 07:39:32,Port,Name port,Port value
,A0,MQ6,4020.10
,Magellan response,,
,The requested operation was succesfully.,,
16/03/2021 07:41:03,Port,Name port,Port value
,A0,MQ6,3924.10
,Magellan response,,
,The requested operation was succesfully.,,
16/03/2021 07:42:10,Port,Name port,Port value
,A0,MQ6,4188.10
,Magellan response,,
,The requested operation was succesfully.,,
16/03/2021 07:43:15,Port,Name port,Port value
,A0,MQ6,4200.10
,Magellan response,,
,The requested operation was succesfully.,,
16/03/2021 07:44:21,Port,Name port,Port value
,A0,MQ6,4194.10
,Magellan response,,
,The requested operation was succesfully.,,
16/03/2021 07:45:28,Port,Name port,Port value
,A0,MQ6,4188.10
,Magellan response,,
,The requested operation was succesfully.,,
16/03/2021 07:46:34,Port,Name port,Port value
,A0,MQ6,4200.10
,Magellan response,,
,The requested operation was succesfully.,,
16/03/2021 07:48:42,Port,Name port,Port value
,A0,MQ6,4128.10
,Magellan response,,
,The requested operation was succesfully.,,
16/03/2021 07:49:47,Port,Name port,Port value
,A0,MQ6,4224.11
,Magellan response,,
,The requested operation was succesfully.,,
16/03/2021 07:50:52,Port,Name port,Port value
,A0,MQ6,4224.11
,Magellan response,,
,The requested operation was succesfully.,,
16/03/2021 07:51:58,Port,Name port,Port value
,A0,MQ6,4212.11
,Magellan response,,
,The requested operation was succesfully.,,
16/03/2021 07:53:04,Port,Name port,Port value
,A0,MQ6,4206.10
,Magellan response,,
,The requested operation was succesfully.,,
16/03/2021 07:54:09,Port,Name port,Port value
,A0,MQ6,4218.11
,Magellan response,,
,The requested operation was succesfully.,,
16/03/2021 07:55:14,Port,Name port,Port value
,A0,MQ6,4188.10
,Magellan response,,
,The requested operation was succesfully.,,
16/03/2021 07:57:16,Port,Name port,Port value
,A0,MQ6,4026.10
,Magellan response,,
,The requested operation was succesfully.,,
16/03/2021 07:58:21,Port,Name port,Port value
,A0,MQ6,4092.10
,Magellan response,,
,The requested operation was succesfully.,,
16/03/2021 07:59:26,Port,Name port,Port value
,A0,MQ6,4020.10
,Magellan response,,
,The requested operation was succesfully.,,
16/03/2021 08:00:32,Port,Name port,Port value
,A0,MQ6,4002.10
,Magellan response,,
,The requested operation was succesfully.,,
16/03/2021 08:05:16,Port,Name port,Port value
,A0,MQ6,4050.10
,Magellan response,,
,The requested operation was succesfully.,,
16/03/2021 08:06:22,Port,Name port,Port value
,A0,MQ6,4014.10
,Magellan response,,
,The requested operation was succesfully.,,
16/03/2021 08:07:27,Port,Name port,Port value
,A0,MQ6,3942.10
,Magellan response,,
,The requested operation was succesfully.,,
16/03/2021 08:08:32,Port,Name port,Port value
,A0,MQ6,4002.10
,Magellan response,,
,The requested operation was succesfully.,,
16/03/2021 08:11:44,Port,Name port,Port value
,A0,MQ6,3876.10
,Magellan response,,
,The requested operation was succesfully.,,
16/03/2021 08:12:49,Port,Name port,Port value
,A0,MQ6,3942.10
,Magellan response,,
,The requested operation was succesfully.,,
16/03/2021 08:14:25,Port,Name port,Port value
,A0,MQ6,4428.11
,Magellan response,,
,The requested operation was succesfully.,,
16/03/2021 08:15:31,Port,Name port,Port value
,A0,MQ6,3924.10
,Magellan response,,
,The requested operation was succesfully.,,
16/03/2021 08:20:22,Port,Name port,Port value
,A0,MQ6,4284.11
,Magellan response,,
,The requested operation was succesfully.,,
16/03/2021 08:21:28,Port,Name port,Port value
,A0,MQ6,4440.11
,Magellan response,,
,The requested operation was succesfully.,,
16/03/2021 08:23:10,Port,Name port,Port value
,A0,MQ6,4326.11
,Magellan response,,
,The requested operation was succesfully.,,
16/03/2021 08:25:16,Port,Name port,Port value
,A0,MQ6,4548.11
,Magellan response,,
,The requested operation was succesfully.,,
16/03/2021 08:26:23,Port,Name port,Port value
,A0,MQ6,4662.12
,Magellan response,,
,The requested operation was succesfully.,,
16/03/2021 08:27:28,Port,Name port,Port value
,A0,MQ6,4674.12
,Magellan response,,
,The requested operation was succesfully.,,
16/03/2021 08:28:33,Port,Name port,Port value
,A0,MQ6,4674.12
,Magellan response,,
,The requested operation was succesfully.,,
16/03/2021 08:30:17,Port,Name port,Port value
,A0,MQ6,4578.11
,Magellan response,,
,The requested operation was succesfully.,,
16/03/2021 08:31:22,Port,Name port,Port value
,A0,MQ6,4668.12
,Magellan response,,
,The requested operation was succesfully.,,
16/03/2021 08:32:29,Port,Name port,Port value
,A0,MQ6,4686.12
,Magellan response,,
,The requested operation was succesfully.,,
16/03/2021 08:33:36,Port,Name port,Port value
,A0,MQ6,4692.12
,Magellan response,,
,The requested operation was succesfully.,,
16/03/2021 08:34:42,Port,Name port,Port value
,A0,MQ6,4674.12
,Magellan response,,
,The requested operation was succesfully.,,
16/03/2021 08:37:29,Port,Name port,Port value
,A0,MQ6,4674.12
,Magellan response,,
,The requested operation was succesfully.,,
16/03/2021 08:38:34,Port,Name port,Port value
,A0,MQ6,4752.12
,Magellan response,,
,The requested operation was succesfully.,,
16/03/2021 08:41:16,Port,Name port,Port value
,A0,MQ6,3720.09
,Magellan response,,
,The requested operation was succesfully.,,
16/03/2021 08:43:28,Port,Name port,Port value
,A0,MQ6,3972.10
,Magellan response,,
,The requested operation was succesfully.,,
16/03/2021 08:48:36,Port,Name port,Port value
,A0,MQ6,4548.11
,Magellan response,,
,The requested operation was succesfully.,,
16/03/2021 08:50:39,Port,Name port,Port value
,A0,MQ6,4518.11
,Magellan response,,
,The requested operation was succesfully.,,
16/03/2021 09:31:08,Port,Name port,Port value
,A0,MQ6,5004.12
,Magellan response,,
,The requested operation was succesfully.,,
16/03/2021 09:32:16,Port,Name port,Port value
,A0,MQ6,5064.13
,Magellan response,,
,The requested operation was succesfully.,,
16/03/2021 09:33:22,Port,Name port,Port value
,A0,MQ6,5040.13
,Magellan response,,
,The requested operation was succesfully.,,
16/03/2021 09:34:29,Port,Name port,Port value
,A0,MQ6,5004.12
,Magellan response,,
,The requested operation was succesfully.,,
16/03/2021 09:36:43,Port,Name port,Port value
,A0,MQ6,4956.12
,Magellan response,,
,The requested operation was succesfully.,,
16/03/2021 09:42:33,Port,Name port,Port value
,A0,MQ6,4326.11
,Magellan response,,
,The requested operation was succesfully.,,
16/03/2021 09:43:38,Port,Name port,Port value
,A0,MQ6,4188.10
,Magellan response,,
,The requested operation was succesfully.,,
16/03/2021 09:44:45,Port,Name port,Port value
,A0,MQ6,4152.10
,Magellan response,,
,The requested operation was succesfully.,,
16/03/2021 09:45:51,Port,Name port,Port value
,A0,MQ6,4212.11
,Magellan response,,
,The requested operation was succesfully.,,
16/03/2021 09:46:57,Port,Name port,Port value
,A0,MQ6,4212.11
,Magellan response,,
,The requested operation was succesfully.,,
16/03/2021 09:48:51,Port,Name port,Port value
,A0,MQ6,4146.10
,Magellan response,,
,The requested operation was succesfully.,,
16/03/2021 09:50:15,Port,Name port,Port value
,A0,MQ6,4884.12
,Magellan response,,
,The requested operation was succesfully.,,
16/03/2021 09:52:07,Port,Name port,Port value
,A0,MQ6,4182.10
,Magellan response,,
,The requested operation was succesfully.,,
16/03/2021 09:53:15,Port,Name port,Port value
,A0,MQ6,4872.12
,Magellan response,,
,The requested operation was succesfully.,,
16/03/2021 09:54:20,Port,Name port,Port value
,A0,MQ6,4200.10
,Magellan response,,
,The requested operation was succesfully.,,
16/03/2021 09:57:07,Port,Name port,Port value
,A0,MQ6,4668.12
,Magellan response,,
,The requested operation was succesfully.,,
16/03/2021 10:25:37,Port,Name port,Port value
,A0,MQ6,3858.10
,Magellan response,,
,The requested operation was succesfully.,,
16/03/2021 10:26:45,Port,Name port,Port value
,A0,MQ6,3966.10
,Magellan response,,
,The requested operation was succesfully.,,
16/03/2021 10:29:08,Port,Name port,Port value
,A0,MQ6,4716.12
,Magellan response,,
,The requested operation was succesfully.,,
16/03/2021 10:30:16,Port,Name port,Port value
,A0,MQ6,4824.12
,Magellan response,,
,The requested operation was succesfully.,,
16/03/2021 10:31:21,Port,Name port,Port value
,A0,MQ6,4806.12
,Magellan response,,
,The requested operation was succesfully.,,
16/03/2021 10:32:29,Port,Name port,Port value
,A0,MQ6,4818.12
,Magellan response,,
,The requested operation was succesfully.,,
16/03/2021 10:33:37,Port,Name port,Port value
,A0,MQ6,4806.12
,Magellan response,,
,The requested operation was succesfully.,,
16/03/2021 10:34:44,Port,Name port,Port value
,A0,MQ6,4824.12
,Magellan response,,
,The requested operation was succesfully.,,
16/03/2021 10:35:50,Port,Name port,Port value
,A0,MQ6,4806.12
,Magellan response,,
,The requested operation was succesfully.,,
16/03/2021 10:40:42,Port,Name port,Port value
,A0,MQ6,4584.11
,Magellan response,,
,The requested operation was succesfully.,,
16/03/2021 10:43:29,Port,Name port,Port value
,A0,MQ6,4572.11
,Magellan response,,
,The requested operation was succesfully.,,
16/03/2021 10:48:45,Port,Name port,Port value
,A0,MQ6,4608.12
,Magellan response,,
,The requested operation was succesfully.,,
16/03/2021 10:50:36,Port,Name port,Port value
,A0,MQ6,4674.12
,Magellan response,,
,The requested operation was succesfully.,,
16/03/2021 10:54:39,Port,Name port,Port value
,A0,MQ6,4758.12
,Magellan response,,
,The requested operation was succesfully.,,
16/03/2021 10:55:47,Port,Name port,Port value
,A0,MQ6,4872.12
,Magellan response,,
,The requested operation was succesfully.,,
16/03/2021 10:57:20,Port,Name port,Port value
,A0,MQ6,4014.10
,Magellan response,,
,The requested operation was succesfully.,,
16/03/2021 10:58:26,Port,Name port,Port value
,A0,MQ6,4110.10
,Magellan response,,
,The requested operation was succesfully.,,
16/03/2021 10:59:31,Port,Name port,Port value
,A0,MQ6,4134.10
,Magellan response,,
,The requested operation was succesfully.,,
16/03/2021 11:01:51,Port,Name port,Port value
,A0,MQ6,4266.11
,Magellan response,,
,The requested operation was succesfully.,,
16/03/2021 11:03:36,Port,Name port,Port value
,A0,MQ6,4266.11
,Magellan response,,
,The requested operation was succesfully.,,
16/03/2021 11:04:41,Port,Name port,Port value
,A0,MQ6,4350.11
,Magellan response,,
,The requested operation was succesfully.,,
16/03/2021 11:06:44,Port,Name port,Port value
,A0,MQ6,4788.12
,Magellan response,,
,The requested operation was succesfully.,,
16/03/2021 11:07:50,Port,Name port,Port value
,A0,MQ6,4872.12
,Magellan response,,
,The requested operation was succesfully.,,
16/03/2021 11:08:58,Port,Name port,Port value
,A0,MQ6,4872.12
,Magellan response,,
,The requested operation was succesfully.,,
16/03/2021 11:12:28,Port,Name port,Port value
,A0,MQ6,4800.12
,Magellan response,,
,The requested operation was succesfully.,,
16/03/2021 11:13:34,Port,Name port,Port value
,A0,MQ6,4920.12
,Magellan response,,
,The requested operation was succesfully.,,
16/03/2021 11:16:32,Port,Name port,Port value
,A0,MQ6,4776.12
,Magellan response,,
,The requested operation was succesfully.,,
16/03/2021 12:03:10,Port,Name port,Port value
,A0,MQ6,4722.12
,Magellan response,,
,The requested operation was succesfully.,,
16/03/2021 12:04:16,Port,Name port,Port value
,A0,MQ6,4836.12
,Magellan response,,
,The requested operation was succesfully.,,
16/03/2021 12:08:17,Port,Name port,Port value
,A0,MQ6,4092.10
,Magellan response,,
,The requested operation was succesfully.,,
16/03/2021 13:44:21,Port,Name port,Port value
,A0,MQ6,4236.11
,Magellan response,,
,The requested operation was succesfully.,,
16/03/2021 13:45:27,Port,Name port,Port value
,A0,MQ6,4128.10
,Magellan response,,
,The requested operation was succesfully.,,
16/03/2021 13:46:33,Port,Name port,Port value
,A0,MQ6,4032.10
,Magellan response,,
,The requested operation was succesfully.,,
16/03/2021 13:47:39,Port,Name port,Port value
,A0,MQ6,3990.10
,Magellan response,,
,The requested operation was succesfully.,,
16/03/2021 13:48:44,Port,Name port,Port value
,A0,MQ6,3978.10
,Magellan response,,
,The requested operation was succesfully.,,
16/03/2021 13:49:49,Port,Name port,Port value
,A0,MQ6,3978.10
,Magellan response,,
,The requested operation was succesfully.,,
16/03/2021 13:50:55,Port,Name port,Port value
,A0,MQ6,4092.10
,Magellan response,,
,The requested operation was succesfully.,,
16/03/2021 13:52:01,Port,Name port,Port value
,A0,MQ6,4086.10
,Magellan response,,
,The requested operation was succesfully.,,
16/03/2021 14:09:09,Port,Name port,Port value
,A0,MQ6,4002.10
,Magellan response,,
,The requested operation was succesfully.,,
16/03/2021 14:10:14,Port,Name port,Port value
,A0,MQ6,4110.10
,Magellan response,,
,The requested operation was succesfully.,,
16/03/2021 14:11:20,Port,Name port,Port value
,A0,MQ6,4116.10
,Magellan response,,
,The requested operation was succesfully.,,
